<?xml version="1.0" encoding="UTF-8"?>
<project-private xmlns="http://www.netbeans.org/ns/project-private/1">
    <editor-bookmarks xmlns="http://www.netbeans.org/ns/editor-bookmarks/2" lastBookmarkId="0"/>
    <open-files xmlns="http://www.netbeans.org/ns/projectui-open-files/2">
        <group>
            <file>file:/C:/J2EE/NetBeansProjects/Air/Airline%20Reservation%20System%20Project/web/customerhomepage.html</file>
            <file>file:/C:/J2EE/NetBeansProjects/Air/Airline%20Reservation%20System%20Project/web/afterloginindex.html</file>
            <file>file:/C:/J2EE/NetBeansProjects/Air/Airline%20Reservation%20System%20Project/web/addflight.html</file>
            <file>file:/C:/J2EE/NetBeansProjects/Air/Airline%20Reservation%20System%20Project/web/customer-up-in.html</file>
            <file>file:/C:/J2EE/NetBeansProjects/Air/Airline%20Reservation%20System%20Project/web/index.html</file>
        </group>
    </open-files>
</project-private>
